model,mae,rmse,r2,n_obs,n_unique_y
Ridge,0.09210059561992769,0.30601637514605856,-0.05406219951269975,44,2
