model,mae,rmse,r2
ridge_eeg_cv,0.6589386728533755,0.7469939801533342,0.014335755144179507
