model,mae,rmse,r2
ridge_eeg_cv,0.6619097600838179,0.7479790794204754,0.011734349002409994
