feature,VIF
const,13.47490622555553
compound_count,
psych_text_len,119.55497852662533
brainfunc_count,1.0017036197655844
mean_tfidf,119.56228526441136
